[  {
    "name": "Base Race Template, fixed ability bonuses",
    "speed": 30,
    "ability_bonuses": [
      [2,0,0,0,0,1]
    ],
    "flex_ability_bonuses": null,
    "traits": [
      {
        "name": "Racial Traits",
        "desc": "The description of each race includes racial traits that are common to members of that race. The following entries appear among the traits of most races."
      },
      {
        "name": "Ability Score Increase (base)",
        "desc": "Every race increases one or more of a character’s ability scores. These are automatically added to your ability scores."
      },
      {
        "name": "Age",
        "desc": "The age entry notes the age when a member of the race is considered an adult, as well as the race’s expected lifespan. This information can help you decide how old your character is at the start of the game. You can choose any age for your character, which could provide an explanation for some of your ability scores. For example, if you play a young or very old character, your age could explain a particularly low Strength or Constitution score, while advanced age could account for a high Intelligence or Wisdom."
      },
      {
        "name": "Alignment",
        "desc": "Most races have tendencies toward certain alignments, described in this entry. These are not binding for player characters, but considering why your dwarf is chaotic, for example, in defiance of lawful dwarf society can help you better define your character."
      },
      {
        "name": "Size",
        "desc": "Characters of most races are Medium, a size category including creatures that are roughly 4 to 8 feet tall. Members of a few races are Small (between 2 and 4 feet tall), which means that certain rules of the game affect them differently. The most important of these rules is that Small characters have trouble wielding heavy weapons, as explained in “Equipment.”"
      },
      {
        "name": "Speed",
        "desc": "Your speed determines how far you can move when traveling ('Adventuring') and fighting ('Combat')."
      },
      {
        "name": "Shared Traits",
        "desc": "Description of trait. (Repeat for each trait shared by all subraces.)"
      },
      {
        "name": "Languages",
        "desc": "By virtue of your race, your character can speak, read, and write certain languages."
      },
      {
        "name": "Subraces",
        "desc": "Some races have subraces. Members of a subrace have the traits of the parent race in addition to the traits specified for their subrace. Relationships among subraces vary significantly from race to race and world to world."
      }
    ]
  },
  {
    "name": "Base Race Template, flexible ability bonuses",
    "speed": 30,
    "ability_bonuses": [
      [0,0,0,0,0,0]
    ],
    "flex_ability_bonuses": [2,1],
    "traits": [
      {
        "name": "Racial Traits",
        "desc": "The description of each race includes racial traits that are common to members of that race. The following entries appear among the traits of most races."
      },
      {
        "name": "Ability Score Increase (base)",
        "desc": "Every race increases one or more of a character’s ability scores. These are automatically added to your ability scores."
      },
      {
        "name": "Age",
        "desc": "The age entry notes the age when a member of the race is considered an adult, as well as the race’s expected lifespan. This information can help you decide how old your character is at the start of the game. You can choose any age for your character, which could provide an explanation for some of your ability scores. For example, if you play a young or very old character, your age could explain a particularly low Strength or Constitution score, while advanced age could account for a high Intelligence or Wisdom."
      },
      {
        "name": "Alignment",
        "desc": "Most races have tendencies toward certain alignments, described in this entry. These are not binding for player characters, but considering why your dwarf is chaotic, for example, in defiance of lawful dwarf society can help you better define your character."
      },
      {
        "name": "Size",
        "desc": "Characters of most races are Medium, a size category including creatures that are roughly 4 to 8 feet tall. Members of a few races are Small (between 2 and 4 feet tall), which means that certain rules of the game affect them differently. The most important of these rules is that Small characters have trouble wielding heavy weapons, as explained in “Equipment.”"
      },
      {
        "name": "Speed",
        "desc": "Your speed determines how far you can move when traveling ('Adventuring') and fighting ('Combat')."
      },
      {
        "name": "Shared Traits",
        "desc": "Description of trait. (Repeat for each trait shared by all subraces.)"
      },
      {
        "name": "Languages",
        "desc": "By virtue of your race, your character can speak, read, and write certain languages."
      }
    ]
  }
]